{
  "timestamp": "2025-09-11T06:37:10.044713Z",
  "n_registros_usados": 104,
  "levels_order": [
    "Normal",
    "Elevado",
    "Alto",
    "Muy alto"
  ],
  "dim_key": "Dim2",
  "dim_name": "Ansiedad por separación",
  "upperbound": {
    "f1_macro": 0.6113908931187977,
    "accuracy": 0.7019230769230769,
    "balanced_accuracy": 0.6038888888888889,
    "auc_ovr_macro": 0.8907811841715496,
    "brier": 1.3785689255537483,
    "confusion_matrix": [
      [
        48,
        6,
        0,
        0
      ],
      [
        7,
        14,
        4,
        0
      ],
      [
        1,
        8,
        4,
        2
      ],
      [
        0,
        0,
        3,
        7
      ]
    ],
    "n": 104
  }
}