fold,f1_macro
1,0.33111111111111113
2,0.7541666666666667
3,0.5119949494949495
4,0.3944444444444445
5,0.7959486166007905
