metric,value
accuracy,0.696078431372549
balanced_accuracy,0.5645990566037735
macro_precision,0.684885981504834
macro_recall,0.5645990566037735
macro_f1,0.6016580861019544
