fold,f1_macro
1,0.4888198757763975
2,0.5125
3,0.697069597069597
4,0.5334429824561403
5,0.7189393939393939
