{
  "timestamp": "2025-09-11T06:22:11.781703Z",
  "n_registros_usados": 104,
  "levels_order": [
    "Normal",
    "Elevado",
    "Alto",
    "Muy alto"
  ],
  "dim_key": "Dim1",
  "dim_name": "Pánico/Agorafobia",
  "upperbound": {
    "f1_macro": 0.5785107565293324,
    "accuracy": 0.6923076923076923,
    "balanced_accuracy": 0.5546207264957266,
    "auc_ovr_macro": 0.8933500368265993,
    "brier": 1.3734968750000003,
    "confusion_matrix": [
      [
        51,
        3,
        0,
        0
      ],
      [
        9,
        12,
        5,
        0
      ],
      [
        0,
        10,
        5,
        1
      ],
      [
        0,
        0,
        4,
        4
      ]
    ],
    "n": 104
  }
}