{
  "timestamp": "2025-09-12T03:05:32.774907Z",
  "n_registros_usados": 105,
  "levels_order": [
    "Normal",
    "Alto",
    "Elevado",
    "Muy alto"
  ],
  "metrics": {
    "f1_macro": 0.5175361480624638,
    "accuracy": 0.638095238095238,
    "balanced_accuracy": 0.49122807017543857,
    "auc_ovr_macro": 0.8779031535643622,
    "labels_order": [
      "Normal",
      "Alto",
      "Elevado",
      "Muy alto"
    ],
    "confusion_matrix": [
      [
        55,
        0,
        2,
        0
      ],
      [
        2,
        4,
        10,
        0
      ],
      [
        19,
        2,
        3,
        0
      ],
      [
        0,
        3,
        0,
        5
      ]
    ]
  }
}