fold,f1_macro
1,0.5417989417989418
2,0.5537037037037037
3,0.5476190476190476
4,0.24545454545454545
5,0.5115384615384615
