{
  "timestamp": "2025-09-11T06:52:10.578095Z",
  "n_registros_usados": 104,
  "levels_order": [
    "Normal",
    "Elevado",
    "Alto",
    "Muy alto"
  ],
  "dim_key": "Dim3",
  "dim_name": "Fobia social",
  "upperbound": {
    "f1_macro": 0.5668642951251647,
    "accuracy": 0.7980769230769231,
    "balanced_accuracy": 0.5539772727272727,
    "auc_ovr_macro": 0.9108947643117472,
    "brier": 1.422059014423077,
    "confusion_matrix": [
      [
        61,
        5,
        0,
        0
      ],
      [
        11,
        13,
        0,
        0
      ],
      [
        0,
        3,
        9,
        0
      ],
      [
        0,
        1,
        1,
        0
      ]
    ],
    "n": 104
  }
}