fold,f1_macro
1,0.7984126984126984
2,0.7005291005291006
3,0.6788793103448276
4,0.45039682539682535
5,0.7818181818181819
