{
  "model_version": "v1",
  "timestamp": "2025-09-15T06:57:06.514150Z",
  "n_registros": 105,
  "clases": [
    "Alto",
    "Elevado",
    "Muy alto",
    "Normal"
  ],
  "cv": {
    "n_splits": 5,
    "f1_macro_mean": 0.48002294002294,
    "f1_macro_std": 0.11817776687765175,
    "accuracy_mean": 0.638095238095238,
    "accuracy_std": 0.0645936188869073,
    "train_sizes_per_fold": [
      84,
      84,
      84,
      84,
      84
    ],
    "val_sizes_per_fold": [
      21,
      21,
      21,
      21,
      21
    ]
  },
  "subgroups": {
    "genero": {
      "Femenino": {
        "n": 62,
        "accuracy": 0.6129032258064516,
        "f1_macro": 0.5265894236482471,
        "classification_report": {
          "Alto": {
            "precision": 0.375,
            "recall": 0.3,
            "f1-score": 0.33333333333333326,
            "support": 10.0
          },
          "Elevado": {
            "precision": 0.25,
            "recall": 0.2,
            "f1-score": 0.22222222222222224,
            "support": 15.0
          },
          "Muy alto": {
            "precision": 1.0,
            "recall": 0.5714285714285714,
            "f1-score": 0.7272727272727273,
            "support": 7.0
          },
          "Normal": {
            "precision": 0.7368421052631579,
            "recall": 0.9333333333333333,
            "f1-score": 0.8235294117647058,
            "support": 30.0
          },
          "accuracy": 0.6129032258064516,
          "macro avg": {
            "precision": 0.5904605263157895,
            "recall": 0.5011904761904762,
            "f1-score": 0.5265894236482471,
            "support": 62.0
          },
          "weighted avg": {
            "precision": 0.5904074702886248,
            "recall": 0.6129032258064516,
            "f1-score": 0.5881202921051119,
            "support": 62.0
          }
        },
        "confusion_matrix": {
          "labels": [
            "Alto",
            "Elevado",
            "Muy alto",
            "Normal"
          ],
          "matrix": [
            [
              3,
              7,
              0,
              0
            ],
            [
              2,
              3,
              0,
              10
            ],
            [
              3,
              0,
              4,
              0
            ],
            [
              0,
              2,
              0,
              28
            ]
          ]
        }
      },
      "Masculino": {
        "n": 43,
        "accuracy": 0.6744186046511628,
        "f1_macro": 0.5291208791208791,
        "classification_report": {
          "Alto": {
            "precision": 1.0,
            "recall": 0.16666666666666666,
            "f1-score": 0.2857142857142857,
            "support": 6.0
          },
          "Elevado": {
            "precision": 0.0,
            "recall": 0.0,
            "f1-score": 0.0,
            "support": 9.0
          },
          "Muy alto": {
            "precision": 1.0,
            "recall": 1.0,
            "f1-score": 1.0,
            "support": 1.0
          },
          "Normal": {
            "precision": 0.7105263157894737,
            "recall": 1.0,
            "f1-score": 0.8307692307692308,
            "support": 27.0
          },
          "accuracy": 0.6744186046511628,
          "macro avg": {
            "precision": 0.6776315789473684,
            "recall": 0.5416666666666667,
            "f1-score": 0.5291208791208791,
            "support": 43.0
          },
          "weighted avg": {
            "precision": 0.6089351285189718,
            "recall": 0.6744186046511628,
            "f1-score": 0.5847687196524407,
            "support": 43.0
          }
        },
        "confusion_matrix": {
          "labels": [
            "Alto",
            "Elevado",
            "Muy alto",
            "Normal"
          ],
          "matrix": [
            [
              1,
              3,
              0,
              2
            ],
            [
              0,
              0,
              0,
              9
            ],
            [
              0,
              0,
              1,
              0
            ],
            [
              0,
              0,
              0,
              27
            ]
          ]
        }
      }
    }
  },
  "holdout": {
    "accuracy": 0.6190476190476191,
    "f1_macro": 0.4615384615384615,
    "classification_report": {
      "Alto": {
        "precision": 0.3333333333333333,
        "recall": 0.3333333333333333,
        "f1-score": 0.3333333333333333,
        "support": 3.0
      },
      "Elevado": {
        "precision": 0.0,
        "recall": 0.0,
        "f1-score": 0.0,
        "support": 5.0
      },
      "Muy alto": {
        "precision": 1.0,
        "recall": 0.5,
        "f1-score": 0.6666666666666666,
        "support": 2.0
      },
      "Normal": {
        "precision": 0.7333333333333333,
        "recall": 1.0,
        "f1-score": 0.846153846153846,
        "support": 11.0
      },
      "accuracy": 0.6190476190476191,
      "macro avg": {
        "precision": 0.5166666666666666,
        "recall": 0.4583333333333333,
        "f1-score": 0.4615384615384615,
        "support": 21.0
      },
      "weighted avg": {
        "precision": 0.526984126984127,
        "recall": 0.6190476190476191,
        "f1-score": 0.5543345543345543,
        "support": 21.0
      }
    },
    "confusion_matrix": [
      [
        1,
        2,
        0,
        0
      ],
      [
        1,
        0,
        0,
        4
      ],
      [
        1,
        0,
        1,
        0
      ],
      [
        0,
        0,
        0,
        11
      ]
    ],
    "labels_order": [
      "Alto",
      "Elevado",
      "Muy alto",
      "Normal"
    ],
    "n_test": 21,
    "n_train": 84,
    "n_total": 105
  }
}